,acc,loss,val_acc,val_loss
0,0.956043477292,0.116504531188,0.977000004053,0.0704537340294
1,0.957608697337,0.110788565619,0.979000003636,0.0696108553399
2,0.957434784329,0.108316684769,0.977500005066,0.0613617335024
